question,ideal_answer,student_answer_close,student_answer_partial,student_answer_wrong,llama_close_feedback,llama_partial_feedback,llama_wrong_feedback
What is the main function of roots in a plant?,The main function of roots is to absorb water and nutrients from the soil and anchor the plant.,Roots help take water and hold the plant.,Roots are only used to drink water.,Roots are just hanging under the plant with no use.,You're on the right track! Roots do help take water and hold the plant. Think about what else they might absorb from the soil.,Great start! You're absolutely right that roots help plants drink water. Did you know they also do a couple of other important jobs? Why not think about what else roots might be doing and add that to your answer? Keep up the good work!,"It looks like your answer might be missing some key points about what roots actually do. Roots are important for helping plants get the water and nutrients they need from the soil. They also play a role in keeping the plant steady. Why not try thinking about how plants would survive without their roots? You're on the right track, and with a little more thought, you'll get it!"
Name a planet in our solar system.,Mars is a planet in our solar system.,Jupiter is a planet in the solar system.,The Moon is a planet.,Clouds are planets in the sky.,"Great job identifying Jupiter as a planet in our solar system! Your answer is correct. There are several planets to learn about, so keep exploringâ€”you're doing fantastic!",The Moon is actually a satellite that orbits Earth. It's not classified as a planet. Good job participating!,"It looks like you might be mixing up a few ideas. Clouds are in the sky, but they aren't planets. Think about objects that orbit the Sunâ€”those are planets! Keep exploring, you're getting closer!"
What do we call a shape with three sides?,A shape with three sides is called a triangle.,It is called a triangle.,Itâ€™s a three-edged thing.,Thatâ€™s called a circle.,"Your answer is correct! A shape with three sides is indeed called a triangle. Great job! To further explore this concept, you might consider thinking about the different types of triangles, such as equilateral, isosceles, or scalene, based on their side lengths. Keep up the good work!",That's a good start! You're definitely thinking about shapes with three sides. Maybe you should revisit the specific term we use in geometry for such shapes. Keep up the good work!,It looks like there might be some confusion. A circle is a shape with one continuous side. Let me give you a hint: the shape we're looking for has exactly three straight sides. Take another guess!
Why do we need to wear seatbelts in cars?,Seatbelts keep us safe by holding us in place in case of an accident.,They keep us safe if something bad happens.,Belts are there so we donâ€™t fall off.,Because they look cool.,Great start! You're absolutely right that seatbelts keep us safe. Can you think of how they actually work to protect us in a crash? Maybe consider what happens to our bodies without them. Keep up the good work!,"Your answer is a good start! It's great that you mentioned not falling off, but let's think deeper: What happens to our bodies during a car accident, and how do seatbelts help with that? Keep exploring!","Great effort! However, let's think about what seatbelts do during a car ride. What might happen if the car stops suddenly, and how do seatbelts help with that? Try to be more precise next time!"
Name one way to stay healthy.,One way to stay healthy is by eating fruits and vegetables.,Eating fruits is good for you.,Fruits are yummy.,Staying up late is good for health.,"You're on the right track! Remember, there are other foods that also help keep us healthy. Great job!",That's a great start! Fruits are delicious and also good for you. Can you think of another reason why they help keep us healthy?,"Your answer is thoughtful, but I think there might be a misunderstanding. Staying up late isn't typically considered good for health. Our bodies need rest to function well. Maybe you could think about how getting enough sleep helps keep us healthy?"
What is the opposite of day?,The opposite of day is night.,Night comes when day goes.,It gets dark later.,The opposite of day is morning.,Great job connecting day and night! Your answer is on the right track. Think about how you can make it even more precise. Keep up the good work!,The opposite of day is night.,"Great start! ""Morning"" is a part of the day, but think about what happens when the day ends. What is the opposite state of day when it's dark outside?"
What does a thermometer measure?,A thermometer measures temperature.,It tells how hot or cold something is.,It checks heat.,It counts time.,"Great job explaining that a thermometer tells us how hot or cold something is! You're on the right track. To make your answer even more precise, think about the exact word scientists use to describe what a thermometer measures. Keep up the good work!","That's a good start! Remember, thermometers measure something specific related to heat. Think about the exact word scientists use for what thermometers measure. Keep it up! ðŸ˜Š","It sounds like you might be thinking of something that measures time, but a thermometer is actually used to measure something related to how hot or cold something is. Take another look and see if you can connect it to what we've learned about heat!"
What gas do humans breathe in to survive?,Humans breathe in oxygen to survive.,Oxygen is the gas we need.,We breathe something.,We breathe in carbon dioxide.,"Your answer is correct, but could you think about how this gas is used in the body?",You're on the right track! Think about the specific type of gas that is essential for human survival. What do you remember about the air we breathe? Letâ€™s explore that a bit more!,Great effort! It looks like you might have mixed up the gases involved in breathing. Why not review the process of how humans take in air and what our bodies need to survive? Keep up the good work!
What color do you get when you mix red and yellow?,You get orange when you mix red and yellow.,Red and yellow make orange.,It turns into a light color.,It becomes blue.,Your answer is correct! Red and yellow do indeed make orange. Great job understanding color mixing! Keep up the good work!,"That's a good start! When you mix red and yellow, you do get a lighter color. Think about the specific name of that color and let me know!","Not quite! Let me remind you that when you mix two primary colors, you get a secondary color. Red and yellow are both primary colors, so think about what color they make when combined. Take another look at your color wheel or notes on color mixing to see if you can find the right answer."
Who is the President of the United States?,The President of the United States is Joe Biden.,Joe Biden is the president.,The leader of America.,Barack Obama is still president.,"Your answer is correctâ€”Joe Biden is indeed the president. To make your response even more complete, consider including his official title for clarity. Keep up the good work!","Great job! Your answer is on the right track. To make it even better, try adding a bit more detail. Keep it up!",It looks like you might need to check your information again. The presidency has changed since Barack Obama's time. I encourage you to look up the most recent updates or reliable sources to find the current President of the United States. Keep up the good work!
